username,email,phone_number,address,bio,location,specialty
christinamiller,amatthews@example.com,01234 123845,"29965 Rhodes Lodge
Changtown, IL 72030","Passionate about unlocking voices, I specialize in articulation and language therapy for children.",Scotland,"Lisping, Stuttering – Stammering, Dysarthria"
xhernandez,tmorris@example.net,01235 123845,"83509 Mitchell Forest Apt. 614
East Wendy, MT 12733","With a focus on fluency and confidence-building, I help individuals overcome speech impediments.",Scotland,"Speech Delay, Apraxia of Speech, Aphasia, Spasmodic Dysphonia, Developmental Language Disorder, Dysarthria, Lisping"
ferrelljustin,lance49@example.org,01236 123845,"763 Velasquez Coves Apt. 170
Lake Cesar, VI 68125","Dedicated to enhancing communication skills, I aid both children and adults in their speech development journey.",North,"Lisping, Apraxia of Speech, Spasmodic Dysphonia, Muteness – Selective Mutism, Aphasia, Stuttering – Stammering, Speech Delay, Developmental Language Disorder"
sherrygreen,campbellmorgan@example.net,01237 123845,"31909 Kelly Views
East Ryanfort, MH 82186","Skilled in treating voice disorders, my aim is to empower individuals to communicate effectively.",Wales,"Lisping, Spasmodic Dysphonia"
katherinebarrett,xwelch@example.net,01238 123845,"0989 Gabriel Course
Port Edward, CA 58965","Through personalized therapy, I assist children in overcoming language delays and speech disorders.",Scotland,"Muteness – Selective Mutism, Apraxia of Speech, Spasmodic Dysphonia, Developmental Language Disorder, Lisping"
kmills,ayalajulia@example.net,01239 123845,"66832 Anne Ridge
East Rodney, MS 12723",I specialize in treating swallowing disorders and voice rehabilitation for a diverse range of patients.,North,"Dysarthria, Lisping, Speech Delay"
moralescourtney,katelynmiddleton@example.com,01240 123845,"6442 Haas Isle Apt. 823
East Adam, NE 73646","With expertise in aphasia therapy, I help stroke survivors regain language and communication abilities.",Wales,"Apraxia of Speech, Dysarthria, Speech Delay, Muteness – Selective Mutism, Lisping, Spasmodic Dysphonia, Stuttering – Stammering"
sharon62,vconner@example.com,01241 123845,"723 Brittany Squares
East Alyssa, HI 64518","Fostering speech fluency in children, I make therapy engaging and effective for lasting results.",Scotland,"Aphasia, Spasmodic Dysphonia"
davidallen,dannyreynolds@example.net,01242 123845,"6855 Timothy Crescent
Kanemouth, MO 63261","Committed to early intervention, I assist toddlers and preschoolers in speech and language development.",South,"Developmental Language Disorder, Speech Delay, Muteness – Selective Mutism, Apraxia of Speech, Lisping, Stuttering – Stammering, Spasmodic Dysphonia, Aphasia"
james25,penahayden@example.net,01243 123845,"9035 Andrade Glens Apt. 698
North Dana, VT 75842","As an advocate for inclusive communication, I work with individuals of all ages and abilities.",Wales,"Developmental Language Disorder, Speech Delay"
latashasanchez,xcochran@example.com,01244 123845,"6851 Nicholas Plain Suite 391
South Samuelland, AZ 21300","Focused on accent modification, I help individuals refine their speech for professional growth.",North,"Lisping, Dysarthria, Spasmodic Dysphonia, Aphasia, Speech Delay, Developmental Language Disorder, Stuttering – Stammering"
michelle94,parkerdavid@example.net,01245 123845,"151 Brenda Lock
Landryfurt, KY 43818","Passionate about assisting non-verbal individuals, I use alternative communication methods.",Scotland,"Developmental Language Disorder, Dysarthria, Muteness – Selective Mutism, Speech Delay, Spasmodic Dysphonia"
whiteomar,eward@example.com,01246 123845,"Unit 5328 Box 4083
DPO AA 25848","Specializing in pediatric speech disorders, I aim to make therapy sessions fun and interactive.",South,"Aphasia, Developmental Language Disorder, Speech Delay, Lisping, Spasmodic Dysphonia"
jacksonlisa,gonzaleserik@example.org,01247 123845,"432 Stephen Point Suite 003
Lanceville, KS 12444","Through voice therapy techniques, I aid professionals in maintaining healthy vocal habits.",Scotland,"Aphasia, Stuttering – Stammering, Apraxia of Speech"
bharris,davissusan@example.com,01248 123845,"7827 Jose Hills
West Paultown, SC 66724","As an advocate for neurodiverse individuals, I offer tailored communication strategies.",Midlands,"Speech Delay, Dysarthria, Aphasia, Apraxia of Speech, Spasmodic Dysphonia, Muteness – Selective Mutism, Lisping, Developmental Language Disorder, Stuttering – Stammering"
dbanks,kathryn06@example.org,01249 123845,"32702 Evans Estate Apt. 626
West Courtneyfort, OH 41712","With experience in dysphagia management, I support patients in improving swallowing functions.",Midlands,"Stuttering – Stammering, Dysarthria, Speech Delay, Muteness – Selective Mutism, Apraxia of Speech, Developmental Language Disorder, Spasmodic Dysphonia, Lisping"
sean17,carsonjoy@example.net,01250 123845,"58871 Jason Tunnel
South Ashley, AZ 72940",I specialize in augmentative and alternative communication (AAC) for enhanced accessibility.,Wales,"Dysarthria, Spasmodic Dysphonia, Apraxia of Speech, Aphasia, Stuttering – Stammering, Lisping"
dwilliams,victoriaellison@example.org,01251 123845,"41302 Bell Plaza
Lake Angelaside, SC 30780","Compassionate about helping those with selective mutism, I create a safe space for communication.",North,"Spasmodic Dysphonia, Apraxia of Speech, Developmental Language Disorder"
jpayne,madisonsmith@example.org,01252 123845,"449 Jackson Drive Suite 888
North Angelafurt, DE 88277","Using evidence-based therapies, I assist clients in developing effective speech patterns.",Scotland,"Muteness – Selective Mutism, Spasmodic Dysphonia, Lisping, Speech Delay, Aphasia, Stuttering – Stammering"
hannah20,elizabethwebb@example.org,01253 123845,"3984 Mary Cliff
Matthewbury, OR 71493","With a focus on social communication skills, I guide individuals in navigating social interactions.",North,"Apraxia of Speech, Aphasia, Lisping, Spasmodic Dysphonia"
jessicamunoz,milleradam@example.com,01254 123845,"148 Johnson Junctions Apt. 778
Kaitlinmouth, NH 01373","Skilled in treating apraxia, I facilitate speech and motor planning for smoother communication.",Scotland,"Speech Delay, Lisping, Dysarthria, Muteness – Selective Mutism, Developmental Language Disorder"
oacosta,matthewcontreras@example.net,01255 123845,"PSC 6449, Box 8547
APO AA 29173","Empowering adults with communication challenges, I provide comprehensive therapy solutions.",Wales,"Lisping, Stuttering – Stammering"
ethanadkins,zcole@example.com,01256 123845,"061 Jared Spur
Williamport, PA 18229","Specializing in voice disorders, I help clients optimize vocal health for professional use.",North,"Aphasia, Spasmodic Dysphonia, Apraxia of Speech, Lisping"
margarethenry,williamthompson@example.org,01257 123845,"589 Rodgers Alley Suite 112
Port Michael, NH 24686","Passionate about bilingual speech therapy, I support multilingual individuals in speech development.",North,"Spasmodic Dysphonia, Apraxia of Speech, Dysarthria, Muteness – Selective Mutism, Stuttering – Stammering"
timothylawrence,rangelnancy@example.com,01258 123845,"3703 Katelyn Isle
New Joseph, MS 36887","Dedicated to helping children with phonological disorders, I make learning speech sounds enjoyable.",Midlands,"Aphasia, Apraxia of Speech, Speech Delay, Muteness – Selective Mutism, Stuttering – Stammering"
millercynthia,nanderson@example.org,01259 123845,"USNV Dominguez
FPO AE 31469","Using technology-assisted therapies, I aid individuals with speech and language difficulties.",Midlands,"Developmental Language Disorder, Stuttering – Stammering, Spasmodic Dysphonia, Muteness – Selective Mutism, Dysarthria"
jenny77,johnsonjacob@example.org,01260 123845,"5035 Dawn Parks Apt. 697
North Danielle, SD 89756","As an advocate for inclusive education, I provide speech therapy services in educational settings.",North,"Lisping, Developmental Language Disorder, Stuttering – Stammering"
hallcindy,jacobwhite@example.com,01261 123845,"04525 Andrew Fords Apt. 801
Popetown, PR 38276","Focused on fluency shaping, I help individuals overcome stuttering and improve speech flow.",South,"Apraxia of Speech, Dysarthria"
pmoore,williamsjason@example.net,01262 123845,"72846 Cox Stravenue
East Staciebury, CT 13124","Skilled in cognitive-communication therapy, I assist individuals with brain injury recovery.",South,"Apraxia of Speech, Muteness – Selective Mutism"
morrisonkathleen,wmccarty@example.net,01263 123845,"6358 Avery Causeway
North Christina, TX 15302","Specializing in articulation therapy, I guide clients toward clearer and more confident speech.",Wales,"Stuttering – Stammering, Developmental Language Disorder, Lisping, Dysarthria, Spasmodic Dysphonia, Muteness – Selective Mutism"
